[{"model": "admin.logentry", "pk": 1, "fields": {"action_time": "2025-09-30T08:39:47.612Z", "user": 1, "content_type": 9, "object_id": "1", "object_repr": "Order: user_1@example.com 2025-09-30 08:39:47.603300+00:00", "action_flag": 1, "change_message": "[{\"added\": {}}, {\"added\": {\"name\": \"ticket\", \"object\": \"Ticket: 1 1 Boeing 747 (SH 18) 1\"}}, {\"added\": {\"name\": \"ticket\", \"object\": \"Ticket: 1 2 Boeing 747 (SH 18) 1\"}}, {\"added\": {\"name\": \"ticket\", \"object\": \"Ticket: 1 3 Boeing 747 (SH 18) 1\"}}]"}}, {"model": "admin.logentry", "pk": 2, "fields": {"action_time": "2025-09-30T08:40:35.589Z", "user": 1, "content_type": 9, "object_id": "2", "object_repr": "Order: user_1@example.com 2025-09-30 08:40:35.581176+00:00", "action_flag": 1, "change_message": "[{\"added\": {}}, {\"added\": {\"name\": \"ticket\", \"object\": \"Ticket: 1 1 Airbus A320 (XR 75) 2\"}}, {\"added\": {\"name\": \"ticket\", \"object\": \"Ticket: 1 2 Airbus A320 (XR 75) 2\"}}, {\"added\": {\"name\": \"ticket\", \"object\": \"Ticket: 1 3 Airbus A320 (XR 75) 2\"}}]"}}, {"model": "admin.logentry", "pk": 3, "fields": {"action_time": "2025-09-30T08:41:20.363Z", "user": 1, "content_type": 9, "object_id": "1", "object_repr": "Order: user_1@example.com 2025-09-30 08:39:47.603300+00:00", "action_flag": 3, "change_message": ""}}, {"model": "admin.logentry", "pk": 4, "fields": {"action_time": "2025-09-30T08:42:06.334Z", "user": 1, "content_type": 9, "object_id": "3", "object_repr": "Order: user_1@example.com 2025-09-30 08:42:06.322198+00:00", "action_flag": 1, "change_message": "[{\"added\": {}}, {\"added\": {\"name\": \"ticket\", \"object\": \"Ticket: 1 1 Embraer E190 (QX 44) 3\"}}, {\"added\": {\"name\": \"ticket\", \"object\": \"Ticket: 1 2 Embraer E190 (QX 44) 3\"}}, {\"added\": {\"name\": \"ticket\", \"object\": \"Ticket: 1 3 Embraer E190 (QX 44) 3\"}}]"}}, {"model": "admin.logentry", "pk": 5, "fields": {"action_time": "2025-09-30T08:42:59.733Z", "user": 1, "content_type": 9, "object_id": "4", "object_repr": "Order: user_1@example.com 2025-09-30 08:42:59.729881+00:00", "action_flag": 1, "change_message": "[{\"added\": {}}, {\"added\": {\"name\": \"ticket\", \"object\": \"Ticket: 1 1 Boeing 777 (BH 17) 4\"}}]"}}, {"model": "admin.logentry", "pk": 6, "fields": {"action_time": "2025-09-30T08:44:21.155Z", "user": 1, "content_type": 13, "object_id": "8", "object_repr": "Flight: Yokohama -> Bruges 2025-10-20 10:40:00+00:00 - 2025-10-20 14:00:00+00:00", "action_flag": 2, "change_message": "[{\"changed\": {\"fields\": [\"Airplane\", \"Departure time\", \"Arrival time\"]}}]"}}, {"model": "admin.logentry", "pk": 7, "fields": {"action_time": "2025-09-30T08:46:11.724Z", "user": 1, "content_type": 9, "object_id": "5", "object_repr": "Order: user_1@example.com 2025-09-30 08:46:11.712702+00:00", "action_flag": 1, "change_message": "[{\"added\": {}}, {\"added\": {\"name\": \"ticket\", \"object\": \"Ticket: 1 4 Boeing 787 Dreamliner (VX 92) 5\"}}]"}}, {"model": "admin.logentry", "pk": 8, "fields": {"action_time": "2025-09-30T08:56:39.983Z", "user": 1, "content_type": 9, "object_id": "6", "object_repr": "Order: user_1@example.com 2025-09-30 08:56:39.972050+00:00", "action_flag": 1, "change_message": "[{\"added\": {}}, {\"added\": {\"name\": \"ticket\", \"object\": \"Ticket: 1 1 Boeing 787 Dreamliner (VX 92) 6\"}}]"}}, {"model": "admin.logentry", "pk": 9, "fields": {"action_time": "2025-09-30T08:57:40.183Z", "user": 1, "content_type": 9, "object_id": "7", "object_repr": "Order: user_1@example.com 2025-09-30 08:57:40.180253+00:00", "action_flag": 1, "change_message": "[{\"added\": {}}, {\"added\": {\"name\": \"ticket\", \"object\": \"Ticket: 1 1 Airbus A380 (LF 29) 7\"}}]"}}, {"model": "admin.logentry", "pk": 10, "fields": {"action_time": "2025-09-30T09:00:35.766Z", "user": 1, "content_type": 9, "object_id": "8", "object_repr": "Order: user_2@example.com 2025-09-30 09:00:35.761334+00:00", "action_flag": 1, "change_message": "[{\"added\": {}}, {\"added\": {\"name\": \"ticket\", \"object\": \"Ticket: 2 1 Boeing 747 (SH 18) 8\"}}, {\"added\": {\"name\": \"ticket\", \"object\": \"Ticket: 2 2 Boeing 747 (SH 18) 8\"}}]"}}, {"model": "admin.logentry", "pk": 11, "fields": {"action_time": "2025-09-30T09:02:08.998Z", "user": 1, "content_type": 9, "object_id": "9", "object_repr": "Order: user_2@example.com 2025-09-30 09:02:08.990942+00:00", "action_flag": 1, "change_message": "[{\"added\": {}}, {\"added\": {\"name\": \"ticket\", \"object\": \"Ticket: 2 1 Boeing 777 (BH 17) 9\"}}, {\"added\": {\"name\": \"ticket\", \"object\": \"Ticket: 2 2 Boeing 777 (BH 17) 9\"}}]"}}, {"model": "admin.logentry", "pk": 12, "fields": {"action_time": "2025-09-30T09:02:34.452Z", "user": 1, "content_type": 9, "object_id": "10", "object_repr": "Order: user_2@example.com 2025-09-30 09:02:34.449519+00:00", "action_flag": 1, "change_message": "[{\"added\": {}}, {\"added\": {\"name\": \"ticket\", \"object\": \"Ticket: 2 1 Boeing 787 Dreamliner (VX 92) 10\"}}]"}}, {"model": "admin.logentry", "pk": 13, "fields": {"action_time": "2025-09-30T09:02:54.810Z", "user": 1, "content_type": 9, "object_id": "11", "object_repr": "Order: user_2@example.com 2025-09-30 09:02:54.807342+00:00", "action_flag": 1, "change_message": "[{\"added\": {}}, {\"added\": {\"name\": \"ticket\", \"object\": \"Ticket: 2 3 Boeing 787 Dreamliner (VX 92) 11\"}}]"}}, {"model": "admin.logentry", "pk": 14, "fields": {"action_time": "2025-09-30T09:03:57.118Z", "user": 1, "content_type": 9, "object_id": "12", "object_repr": "Order: user_2@example.com 2025-09-30 09:03:57.114593+00:00", "action_flag": 1, "change_message": "[{\"added\": {}}, {\"added\": {\"name\": \"ticket\", \"object\": \"Ticket: 2 1 COMAC C919 (AZ 65) 12\"}}]"}}, {"model": "admin.logentry", "pk": 15, "fields": {"action_time": "2025-09-30T09:04:59.763Z", "user": 1, "content_type": 9, "object_id": "13", "object_repr": "Order: user_3@example.com 2025-09-30 09:04:59.755677+00:00", "action_flag": 1, "change_message": "[{\"added\": {}}, {\"added\": {\"name\": \"ticket\", \"object\": \"Ticket: 3 1 Airbus A320 (XR 75) 13\"}}, {\"added\": {\"name\": \"ticket\", \"object\": \"Ticket: 3 2 Airbus A320 (XR 75) 13\"}}, {\"added\": {\"name\": \"ticket\", \"object\": \"Ticket: 3 1 Boeing 787 Dreamliner (VX 92) 13\"}}]"}}, {"model": "admin.logentry", "pk": 16, "fields": {"action_time": "2025-09-30T09:05:22.269Z", "user": 1, "content_type": 9, "object_id": "14", "object_repr": "Order: user_3@example.com 2025-09-30 09:05:22.262564+00:00", "action_flag": 1, "change_message": "[{\"added\": {}}, {\"added\": {\"name\": \"ticket\", \"object\": \"Ticket: 3 1 Boeing 777 (BH 17) 14\"}}]"}}, {"model": "admin.logentry", "pk": 17, "fields": {"action_time": "2025-09-30T09:05:36.593Z", "user": 1, "content_type": 9, "object_id": "15", "object_repr": "Order: user_3@example.com 2025-09-30 09:05:36.590343+00:00", "action_flag": 1, "change_message": "[{\"added\": {}}, {\"added\": {\"name\": \"ticket\", \"object\": \"Ticket: 3 1 Bombardier CRJ700 (KL 50) 15\"}}]"}}, {"model": "auth.permission", "pk": 1, "fields": {"name": "Can add log entry", "content_type": 1, "codename": "add_logentry"}}, {"model": "auth.permission", "pk": 2, "fields": {"name": "Can change log entry", "content_type": 1, "codename": "change_logentry"}}, {"model": "auth.permission", "pk": 3, "fields": {"name": "Can delete log entry", "content_type": 1, "codename": "delete_logentry"}}, {"model": "auth.permission", "pk": 4, "fields": {"name": "Can view log entry", "content_type": 1, "codename": "view_logentry"}}, {"model": "auth.permission", "pk": 5, "fields": {"name": "Can add permission", "content_type": 2, "codename": "add_permission"}}, {"model": "auth.permission", "pk": 6, "fields": {"name": "Can change permission", "content_type": 2, "codename": "change_permission"}}, {"model": "auth.permission", "pk": 7, "fields": {"name": "Can delete permission", "content_type": 2, "codename": "delete_permission"}}, {"model": "auth.permission", "pk": 8, "fields": {"name": "Can view permission", "content_type": 2, "codename": "view_permission"}}, {"model": "auth.permission", "pk": 9, "fields": {"name": "Can add group", "content_type": 3, "codename": "add_group"}}, {"model": "auth.permission", "pk": 10, "fields": {"name": "Can change group", "content_type": 3, "codename": "change_group"}}, {"model": "auth.permission", "pk": 11, "fields": {"name": "Can delete group", "content_type": 3, "codename": "delete_group"}}, {"model": "auth.permission", "pk": 12, "fields": {"name": "Can view group", "content_type": 3, "codename": "view_group"}}, {"model": "auth.permission", "pk": 13, "fields": {"name": "Can add content type", "content_type": 4, "codename": "add_contenttype"}}, {"model": "auth.permission", "pk": 14, "fields": {"name": "Can change content type", "content_type": 4, "codename": "change_contenttype"}}, {"model": "auth.permission", "pk": 15, "fields": {"name": "Can delete content type", "content_type": 4, "codename": "delete_contenttype"}}, {"model": "auth.permission", "pk": 16, "fields": {"name": "Can view content type", "content_type": 4, "codename": "view_contenttype"}}, {"model": "auth.permission", "pk": 17, "fields": {"name": "Can add session", "content_type": 5, "codename": "add_session"}}, {"model": "auth.permission", "pk": 18, "fields": {"name": "Can change session", "content_type": 5, "codename": "change_session"}}, {"model": "auth.permission", "pk": 19, "fields": {"name": "Can delete session", "content_type": 5, "codename": "delete_session"}}, {"model": "auth.permission", "pk": 20, "fields": {"name": "Can view session", "content_type": 5, "codename": "view_session"}}, {"model": "auth.permission", "pk": 21, "fields": {"name": "Can add airplane type", "content_type": 6, "codename": "add_airplanetype"}}, {"model": "auth.permission", "pk": 22, "fields": {"name": "Can change airplane type", "content_type": 6, "codename": "change_airplanetype"}}, {"model": "auth.permission", "pk": 23, "fields": {"name": "Can delete airplane type", "content_type": 6, "codename": "delete_airplanetype"}}, {"model": "auth.permission", "pk": 24, "fields": {"name": "Can view airplane type", "content_type": 6, "codename": "view_airplanetype"}}, {"model": "auth.permission", "pk": 25, "fields": {"name": "Can add airport", "content_type": 7, "codename": "add_airport"}}, {"model": "auth.permission", "pk": 26, "fields": {"name": "Can change airport", "content_type": 7, "codename": "change_airport"}}, {"model": "auth.permission", "pk": 27, "fields": {"name": "Can delete airport", "content_type": 7, "codename": "delete_airport"}}, {"model": "auth.permission", "pk": 28, "fields": {"name": "Can view airport", "content_type": 7, "codename": "view_airport"}}, {"model": "auth.permission", "pk": 29, "fields": {"name": "Can add crew", "content_type": 8, "codename": "add_crew"}}, {"model": "auth.permission", "pk": 30, "fields": {"name": "Can change crew", "content_type": 8, "codename": "change_crew"}}, {"model": "auth.permission", "pk": 31, "fields": {"name": "Can delete crew", "content_type": 8, "codename": "delete_crew"}}, {"model": "auth.permission", "pk": 32, "fields": {"name": "Can view crew", "content_type": 8, "codename": "view_crew"}}, {"model": "auth.permission", "pk": 33, "fields": {"name": "Can add order", "content_type": 9, "codename": "add_order"}}, {"model": "auth.permission", "pk": 34, "fields": {"name": "Can change order", "content_type": 9, "codename": "change_order"}}, {"model": "auth.permission", "pk": 35, "fields": {"name": "Can delete order", "content_type": 9, "codename": "delete_order"}}, {"model": "auth.permission", "pk": 36, "fields": {"name": "Can view order", "content_type": 9, "codename": "view_order"}}, {"model": "auth.permission", "pk": 37, "fields": {"name": "Can add route", "content_type": 10, "codename": "add_route"}}, {"model": "auth.permission", "pk": 38, "fields": {"name": "Can change route", "content_type": 10, "codename": "change_route"}}, {"model": "auth.permission", "pk": 39, "fields": {"name": "Can delete route", "content_type": 10, "codename": "delete_route"}}, {"model": "auth.permission", "pk": 40, "fields": {"name": "Can view route", "content_type": 10, "codename": "view_route"}}, {"model": "auth.permission", "pk": 41, "fields": {"name": "Can add ticket", "content_type": 11, "codename": "add_ticket"}}, {"model": "auth.permission", "pk": 42, "fields": {"name": "Can change ticket", "content_type": 11, "codename": "change_ticket"}}, {"model": "auth.permission", "pk": 43, "fields": {"name": "Can delete ticket", "content_type": 11, "codename": "delete_ticket"}}, {"model": "auth.permission", "pk": 44, "fields": {"name": "Can view ticket", "content_type": 11, "codename": "view_ticket"}}, {"model": "auth.permission", "pk": 45, "fields": {"name": "Can add airplane", "content_type": 12, "codename": "add_airplane"}}, {"model": "auth.permission", "pk": 46, "fields": {"name": "Can change airplane", "content_type": 12, "codename": "change_airplane"}}, {"model": "auth.permission", "pk": 47, "fields": {"name": "Can delete airplane", "content_type": 12, "codename": "delete_airplane"}}, {"model": "auth.permission", "pk": 48, "fields": {"name": "Can view airplane", "content_type": 12, "codename": "view_airplane"}}, {"model": "auth.permission", "pk": 49, "fields": {"name": "Can add flight", "content_type": 13, "codename": "add_flight"}}, {"model": "auth.permission", "pk": 50, "fields": {"name": "Can change flight", "content_type": 13, "codename": "change_flight"}}, {"model": "auth.permission", "pk": 51, "fields": {"name": "Can delete flight", "content_type": 13, "codename": "delete_flight"}}, {"model": "auth.permission", "pk": 52, "fields": {"name": "Can view flight", "content_type": 13, "codename": "view_flight"}}, {"model": "auth.permission", "pk": 53, "fields": {"name": "Can add user", "content_type": 14, "codename": "add_user"}}, {"model": "auth.permission", "pk": 54, "fields": {"name": "Can change user", "content_type": 14, "codename": "change_user"}}, {"model": "auth.permission", "pk": 55, "fields": {"name": "Can delete user", "content_type": 14, "codename": "delete_user"}}, {"model": "auth.permission", "pk": 56, "fields": {"name": "Can view user", "content_type": 14, "codename": "view_user"}}, {"model": "auth.permission", "pk": 57, "fields": {"name": "Can add history entry", "content_type": 15, "codename": "add_historyentry"}}, {"model": "auth.permission", "pk": 58, "fields": {"name": "Can change history entry", "content_type": 15, "codename": "change_historyentry"}}, {"model": "auth.permission", "pk": 59, "fields": {"name": "Can delete history entry", "content_type": 15, "codename": "delete_historyentry"}}, {"model": "auth.permission", "pk": 60, "fields": {"name": "Can view history entry", "content_type": 15, "codename": "view_historyentry"}}, {"model": "contenttypes.contenttype", "pk": 1, "fields": {"app_label": "admin", "model": "logentry"}}, {"model": "contenttypes.contenttype", "pk": 2, "fields": {"app_label": "auth", "model": "permission"}}, {"model": "contenttypes.contenttype", "pk": 3, "fields": {"app_label": "auth", "model": "group"}}, {"model": "contenttypes.contenttype", "pk": 4, "fields": {"app_label": "contenttypes", "model": "contenttype"}}, {"model": "contenttypes.contenttype", "pk": 5, "fields": {"app_label": "sessions", "model": "session"}}, {"model": "contenttypes.contenttype", "pk": 6, "fields": {"app_label": "flight", "model": "airplanetype"}}, {"model": "contenttypes.contenttype", "pk": 7, "fields": {"app_label": "flight", "model": "airport"}}, {"model": "contenttypes.contenttype", "pk": 8, "fields": {"app_label": "flight", "model": "crew"}}, {"model": "contenttypes.contenttype", "pk": 9, "fields": {"app_label": "flight", "model": "order"}}, {"model": "contenttypes.contenttype", "pk": 10, "fields": {"app_label": "flight", "model": "route"}}, {"model": "contenttypes.contenttype", "pk": 11, "fields": {"app_label": "flight", "model": "ticket"}}, {"model": "contenttypes.contenttype", "pk": 12, "fields": {"app_label": "flight", "model": "airplane"}}, {"model": "contenttypes.contenttype", "pk": 13, "fields": {"app_label": "flight", "model": "flight"}}, {"model": "contenttypes.contenttype", "pk": 14, "fields": {"app_label": "user", "model": "user"}}, {"model": "contenttypes.contenttype", "pk": 15, "fields": {"app_label": "debug_toolbar", "model": "historyentry"}}, {"model": "sessions.session", "pk": "kxwqwpd8p80oarqwtb9tt19fspmou09h", "fields": {"session_data": ".eJxVjEEOwiAQRe_C2hBGxgIu3XsGMjCjVA0kpV0Z726bdKHb997_bxVpmUtcukxxZHVWoA6_LFF-St0EP6jem86tztOY9Jbo3XZ9bSyvy97-HRTqZV2HYGxCHMLRkJzABOLsjbNsbsKOgLNdGSV0gF5sMOCAPAgjshMZ1OcLza03lw:1v3Vrm:hPSXFpgeuiuOWjYKMyN_eugR-OaxaPX2CUskcSdFOhU", "expire_date": "2025-10-14T08:37:46.713Z"}}, {"model": "flight.flight", "pk": 1, "fields": {"route": 1, "airplane": 1, "departure_time": "2025-10-01T10:00:00Z", "arrival_time": "2025-10-01T12:00:00Z", "crew": [1, 2]}}, {"model": "flight.flight", "pk": 2, "fields": {"route": 2, "airplane": 2, "departure_time": "2025-10-03T13:00:00Z", "arrival_time": "2025-10-03T16:00:00Z", "crew": [3, 4]}}, {"model": "flight.flight", "pk": 3, "fields": {"route": 3, "airplane": 3, "departure_time": "2025-10-05T17:00:00Z", "arrival_time": "2025-10-05T22:00:00Z", "crew": [5]}}, {"model": "flight.flight", "pk": 4, "fields": {"route": 4, "airplane": 4, "departure_time": "2025-10-07T20:00:00Z", "arrival_time": "2025-10-08T01:00:00Z", "crew": [6]}}, {"model": "flight.flight", "pk": 5, "fields": {"route": 5, "airplane": 5, "departure_time": "2025-10-09T12:25:00Z", "arrival_time": "2025-10-09T14:25:00Z", "crew": [7]}}, {"model": "flight.flight", "pk": 6, "fields": {"route": 6, "airplane": 6, "departure_time": "2025-10-09T12:30:00Z", "arrival_time": "2025-10-09T19:30:00Z", "crew": [9]}}, {"model": "flight.flight", "pk": 7, "fields": {"route": 7, "airplane": 6, "departure_time": "2025-10-07T12:30:00Z", "arrival_time": "2025-10-07T23:40:00Z", "crew": [1, 10]}}, {"model": "flight.flight", "pk": 8, "fields": {"route": 9, "airplane": 9, "departure_time": "2025-10-20T10:40:00Z", "arrival_time": "2025-10-20T14:00:00Z", "crew": [7, 8]}}, {"model": "flight.flight", "pk": 9, "fields": {"route": 9, "airplane": 8, "departure_time": "2025-10-18T10:40:00Z", "arrival_time": "2025-10-18T14:00:00Z", "crew": [7, 8]}}, {"model": "flight.flight", "pk": 10, "fields": {"route": 10, "airplane": 10, "departure_time": "2025-10-18T12:40:00Z", "arrival_time": "2025-10-18T14:00:00Z", "crew": [1, 2]}}, {"model": "flight.route", "pk": 1, "fields": {"source": 1, "destination": 2, "distance": 1400}}, {"model": "flight.route", "pk": 2, "fields": {"source": 3, "destination": 4, "distance": 1800}}, {"model": "flight.route", "pk": 3, "fields": {"source": 5, "destination": 7, "distance": 2000}}, {"model": "flight.route", "pk": 4, "fields": {"source": 9, "destination": 1, "distance": 2000}}, {"model": "flight.route", "pk": 5, "fields": {"source": 10, "destination": 6, "distance": 800}}, {"model": "flight.route", "pk": 6, "fields": {"source": 8, "destination": 2, "distance": 5000}}, {"model": "flight.route", "pk": 7, "fields": {"source": 4, "destination": 8, "distance": 3000}}, {"model": "flight.route", "pk": 8, "fields": {"source": 8, "destination": 7, "distance": 2000}}, {"model": "flight.route", "pk": 9, "fields": {"source": 3, "destination": 10, "distance": 1500}}, {"model": "flight.route", "pk": 10, "fields": {"source": 6, "destination": 9, "distance": 2000}}, {"model": "flight.airplane", "pk": 1, "fields": {"name": "SH 18", "rows": 40, "seats_in_row": 7, "airplane_type": 1}}, {"model": "flight.airplane", "pk": 2, "fields": {"name": "XR 75", "rows": 30, "seats_in_row": 5, "airplane_type": 2}}, {"model": "flight.airplane", "pk": 3, "fields": {"name": "BH 17", "rows": 25, "seats_in_row": 4, "airplane_type": 3}}, {"model": "flight.airplane", "pk": 4, "fields": {"name": "LF 29", "rows": 40, "seats_in_row": 4, "airplane_type": 4}}, {"model": "flight.airplane", "pk": 5, "fields": {"name": "QX 44", "rows": 20, "seats_in_row": 3, "airplane_type": 5}}, {"model": "flight.airplane", "pk": 6, "fields": {"name": "VX 92", "rows": 50, "seats_in_row": 8, "airplane_type": 6}}, {"model": "flight.airplane", "pk": 7, "fields": {"name": "TR 77", "rows": 45, "seats_in_row": 6, "airplane_type": 7}}, {"model": "flight.airplane", "pk": 8, "fields": {"name": "KL 60", "rows": 60, "seats_in_row": 8, "airplane_type": 8}}, {"model": "flight.airplane", "pk": 9, "fields": {"name": "KL 50", "rows": 50, "seats_in_row": 6, "airplane_type": 9}}, {"model": "flight.airplane", "pk": 10, "fields": {"name": "AZ 65", "rows": 50, "seats_in_row": 6, "airplane_type": 10}}, {"model": "flight.crew", "pk": 1, "fields": {"first_name": "Peter", "last_name": "Jefferson", "crew_photo": ""}}, {"model": "flight.crew", "pk": 2, "fields": {"first_name": "Derry", "last_name": "Smith", "crew_photo": ""}}, {"model": "flight.crew", "pk": 3, "fields": {"first_name": "James", "last_name": "Smith", "crew_photo": ""}}, {"model": "flight.crew", "pk": 4, "fields": {"first_name": "Emily", "last_name": "Johnson", "crew_photo": ""}}, {"model": "flight.crew", "pk": 5, "fields": {"first_name": "Michael", "last_name": "Brown", "crew_photo": ""}}, {"model": "flight.crew", "pk": 6, "fields": {"first_name": "Olivia", "last_name": "Davis", "crew_photo": ""}}, {"model": "flight.crew", "pk": 7, "fields": {"first_name": "Sophia", "last_name": "Wilson", "crew_photo": ""}}, {"model": "flight.crew", "pk": 8, "fields": {"first_name": "Isabella", "last_name": "Taylor", "crew_photo": ""}}, {"model": "flight.crew", "pk": 9, "fields": {"first_name": "Benjamin", "last_name": "Moore", "crew_photo": ""}}, {"model": "flight.crew", "pk": 10, "fields": {"first_name": "William", "last_name": "Miller", "crew_photo": ""}}, {"model": "flight.airport", "pk": 1, "fields": {"name": "Boryspil Airport", "location_city": "Boryspil", "closest_big_city": "Kyiv"}}, {"model": "flight.airport", "pk": 2, "fields": {"name": "London Airport", "location_city": "London", "closest_big_city": "London"}}, {"model": "flight.airport", "pk": 3, "fields": {"name": "Yokohama Airport", "location_city": "Yokohama", "closest_big_city": "Tokyo"}}, {"model": "flight.airport", "pk": 4, "fields": {"name": "Sydney Airport", "location_city": "Sydney", "closest_big_city": "Sydney"}}, {"model": "flight.airport", "pk": 5, "fields": {"name": "Abu Dhabi Airport", "location_city": "Abu Dhabi", "closest_big_city": "Dubai"}}, {"model": "flight.airport", "pk": 6, "fields": {"name": "Paris Airport", "location_city": "Paris", "closest_big_city": "Paris"}}, {"model": "flight.airport", "pk": 7, "fields": {"name": "Toronto Airport", "location_city": "Toronto", "closest_big_city": "Toronto"}}, {"model": "flight.airport", "pk": 8, "fields": {"name": "New York Airport", "location_city": "New York", "closest_big_city": "New York"}}, {"model": "flight.airport", "pk": 9, "fields": {"name": "Giza Airport", "location_city": "Giza", "closest_big_city": "Cairo"}}, {"model": "flight.airport", "pk": 10, "fields": {"name": "Bruges Airport", "location_city": "Bruges", "closest_big_city": "Antwerp"}}, {"model": "flight.airplanetype", "pk": 1, "fields": {"name": "Boeing 747"}}, {"model": "flight.airplanetype", "pk": 2, "fields": {"name": "Airbus A320"}}, {"model": "flight.airplanetype", "pk": 3, "fields": {"name": "Boeing 777"}}, {"model": "flight.airplanetype", "pk": 4, "fields": {"name": "Airbus A380"}}, {"model": "flight.airplanetype", "pk": 5, "fields": {"name": "Embraer E190"}}, {"model": "flight.airplanetype", "pk": 6, "fields": {"name": "Boeing 787 Dreamliner"}}, {"model": "flight.airplanetype", "pk": 7, "fields": {"name": "Airbus A330"}}, {"model": "flight.airplanetype", "pk": 8, "fields": {"name": "Bombardier CRJ900"}}, {"model": "flight.airplanetype", "pk": 9, "fields": {"name": "Bombardier CRJ700"}}, {"model": "flight.airplanetype", "pk": 10, "fields": {"name": "COMAC C919"}}, {"model": "flight.ticket", "pk": 4, "fields": {"row": 1, "seat": 1, "flight": 2, "order": 2}}, {"model": "flight.ticket", "pk": 5, "fields": {"row": 1, "seat": 2, "flight": 2, "order": 2}}, {"model": "flight.ticket", "pk": 6, "fields": {"row": 1, "seat": 3, "flight": 2, "order": 2}}, {"model": "flight.ticket", "pk": 7, "fields": {"row": 1, "seat": 1, "flight": 5, "order": 3}}, {"model": "flight.ticket", "pk": 8, "fields": {"row": 1, "seat": 2, "flight": 5, "order": 3}}, {"model": "flight.ticket", "pk": 9, "fields": {"row": 1, "seat": 3, "flight": 5, "order": 3}}, {"model": "flight.ticket", "pk": 10, "fields": {"row": 1, "seat": 1, "flight": 3, "order": 4}}, {"model": "flight.ticket", "pk": 11, "fields": {"row": 1, "seat": 4, "flight": 7, "order": 5}}, {"model": "flight.ticket", "pk": 12, "fields": {"row": 1, "seat": 1, "flight": 6, "order": 6}}, {"model": "flight.ticket", "pk": 13, "fields": {"row": 1, "seat": 1, "flight": 4, "order": 7}}, {"model": "flight.ticket", "pk": 14, "fields": {"row": 2, "seat": 1, "flight": 1, "order": 8}}, {"model": "flight.ticket", "pk": 15, "fields": {"row": 2, "seat": 2, "flight": 1, "order": 8}}, {"model": "flight.ticket", "pk": 16, "fields": {"row": 2, "seat": 1, "flight": 3, "order": 9}}, {"model": "flight.ticket", "pk": 17, "fields": {"row": 2, "seat": 2, "flight": 3, "order": 9}}, {"model": "flight.ticket", "pk": 18, "fields": {"row": 2, "seat": 1, "flight": 7, "order": 10}}, {"model": "flight.ticket", "pk": 19, "fields": {"row": 2, "seat": 3, "flight": 6, "order": 11}}, {"model": "flight.ticket", "pk": 20, "fields": {"row": 2, "seat": 1, "flight": 10, "order": 12}}, {"model": "flight.ticket", "pk": 21, "fields": {"row": 3, "seat": 1, "flight": 2, "order": 13}}, {"model": "flight.ticket", "pk": 22, "fields": {"row": 3, "seat": 2, "flight": 2, "order": 13}}, {"model": "flight.ticket", "pk": 23, "fields": {"row": 3, "seat": 1, "flight": 6, "order": 13}}, {"model": "flight.ticket", "pk": 24, "fields": {"row": 3, "seat": 1, "flight": 3, "order": 14}}, {"model": "flight.ticket", "pk": 25, "fields": {"row": 3, "seat": 1, "flight": 8, "order": 15}}, {"model": "flight.order", "pk": 2, "fields": {"created_at": "2025-09-30T08:40:35.581Z", "user": 2}}, {"model": "flight.order", "pk": 3, "fields": {"created_at": "2025-09-30T08:42:06.322Z", "user": 2}}, {"model": "flight.order", "pk": 4, "fields": {"created_at": "2025-09-30T08:42:59.729Z", "user": 2}}, {"model": "flight.order", "pk": 5, "fields": {"created_at": "2025-09-30T08:46:11.712Z", "user": 2}}, {"model": "flight.order", "pk": 6, "fields": {"created_at": "2025-09-30T08:56:39.972Z", "user": 2}}, {"model": "flight.order", "pk": 7, "fields": {"created_at": "2025-09-30T08:57:40.180Z", "user": 2}}, {"model": "flight.order", "pk": 8, "fields": {"created_at": "2025-09-30T09:00:35.761Z", "user": 3}}, {"model": "flight.order", "pk": 9, "fields": {"created_at": "2025-09-30T09:02:08.990Z", "user": 3}}, {"model": "flight.order", "pk": 10, "fields": {"created_at": "2025-09-30T09:02:34.449Z", "user": 3}}, {"model": "flight.order", "pk": 11, "fields": {"created_at": "2025-09-30T09:02:54.807Z", "user": 3}}, {"model": "flight.order", "pk": 12, "fields": {"created_at": "2025-09-30T09:03:57.114Z", "user": 3}}, {"model": "flight.order", "pk": 13, "fields": {"created_at": "2025-09-30T09:04:59.755Z", "user": 4}}, {"model": "flight.order", "pk": 14, "fields": {"created_at": "2025-09-30T09:05:22.262Z", "user": 4}}, {"model": "flight.order", "pk": 15, "fields": {"created_at": "2025-09-30T09:05:36.590Z", "user": 4}}, {"model": "user.user", "pk": 1, "fields": {"password": "pbkdf2_sha256$1000000$oVVFsXkKDr6PdgNEAqorpl$9T6wkU2Grz6AeLTswvjvKmtGR/iIMlJmuLP6ISCxtgc=", "last_login": "2025-09-30T08:37:46.692Z", "is_superuser": true, "first_name": "", "last_name": "", "is_staff": true, "is_active": true, "date_joined": "2025-09-29T14:16:01.504Z", "email": "admin@example.com", "groups": [], "user_permissions": []}}, {"model": "user.user", "pk": 2, "fields": {"password": "pbkdf2_sha256$1000000$mXdbwxcJfn501gVm3Cl35Z$gtV1zSaM9yuo/SiSN/hedcgiE7O3g/Kg8eIQx/sZvw4=", "last_login": null, "is_superuser": false, "first_name": "", "last_name": "", "is_staff": false, "is_active": true, "date_joined": "2025-09-29T14:16:33.690Z", "email": "user_1@example.com", "groups": [], "user_permissions": []}}, {"model": "user.user", "pk": 3, "fields": {"password": "pbkdf2_sha256$1000000$C49hZgs0ypYQ7U3ymvsjVv$X763YTtoyI5YfwpNeTem2E2/CS/i+m9+lbFf3R9E/6w=", "last_login": null, "is_superuser": false, "first_name": "", "last_name": "", "is_staff": false, "is_active": true, "date_joined": "2025-09-29T14:16:39.986Z", "email": "user_2@example.com", "groups": [], "user_permissions": []}}, {"model": "user.user", "pk": 4, "fields": {"password": "pbkdf2_sha256$1000000$8DQ2j077kGB6FVOnh2feaW$J7BavOOcTuu2NzGZXhAbA40RW27Ar0/cJzJ9MxlrDZI=", "last_login": null, "is_superuser": false, "first_name": "", "last_name": "", "is_staff": false, "is_active": true, "date_joined": "2025-09-29T14:16:49.404Z", "email": "user_3@example.com", "groups": [], "user_permissions": []}}]
